PLOTID,LAT,LON
2,4.200580078694752,34.07884863441653
4,4.015736103912412,34.08140603451021
5,4.295595353790689,34.20356682119201
8,4.110484570317848,34.206382134919
9,4.390831137815064,34.327974631743714
11,3.925634349834792,34.20898922111601
12,4.205447161570351,34.33105871869821
13,4.486292315902279,34.45206246179998
15,4.020331678713503,34.333922310170294
16,4.300628633592771,34.45542651856687
17,4.581983782075757,34.57582049615371
18,3.8354754518308933,34.33657980306629
19,4.1152415543765715,34.45855737482892
20,4.396033800712072,34.579476074380985
23,3.9301215691368645,34.46147000917615
24,4.210368638104215,34.58288525771898
25,4.4916675638967005,34.70319767807895
27,3.7452596674665752,34.46417876659904
28,4.0249786619875305,34.586063657305914
29,4.305717745578979,34.70689661855531
30,4.587534908075387,34.826581284859394
31,3.5606470105149866,34.46669732979718
32,3.839854499926271,34.58902617674791
33,4.1200513808643215,34.71035178616151
34,4.401293793005494,34.830581812580164
36,3.376275140876589,34.46903872448638
37,3.6549871465881494,34.5917869921594
38,3.934658777457797,34.7135785430851
39,4.215344484870776,34.83432503853596
40,4.497101620576933,34.953930940499646
41,3.1921358814119816,34.47121534191073
42,3.470367897218207,34.59435964758819
43,3.749530658049313,34.71659170918035
44,4.029677073411997,34.83782693683499
45,4.31086272589673,34.95797387233385
46,4.593146378188774,35.07693385662058
47,3.2859883221829964,34.59675709195201
48,3.5646581558909216,34.71940541747229
49,3.8442820336796766,34.841102883670516
50,4.124914070992281,34.961762128976424
51,4.40661108701288,35.08128852553588
53,3.1018402780300303,34.5989916245978
54,3.380032583214105,34.72203293365958
55,3.659150324290642,34.84416757276887
56,3.9392459042245043,34.96531162680837
57,4.22037457464165,35.08537470136551
58,4.502594532030377,35.20425900329329
59,2.917915886373631,34.60107510516071
60,3.195645529134786,34.724487182176624
61,3.4742728916785217,34.84703486614803
62,3.753848783997074,34.96863765028393
63,4.034426819926287,35.089208857968366
64,4.316063440511016,35.208654949640234
65,4.598818172302732,35.32687493658701
66,3.0114889855356535,34.726780442530895
67,3.289641213347871,34.84971808698236
68,3.5687135930553935,34.971754574075156
69,3.848758125562417,35.09280682576373
70,4.129829579356995,35.212785185127764
71,4.411985654886748,35.331592976055155
74,3.1052470284513642,34.852230012426276
75,3.3838315286070717,34.9746763063138
76,3.663359109111769,35.09618365761514
77,3.9438829349532827,35.216666101036274
78,4.225458955847418,35.3360310705735
79,4.5081461830692025,35.45417854876481
81,2.921082296028461,34.8545827733261
82,3.1991940677008763,34.97741606198683
83,3.4782207758368435,35.09935368465609
84,3.7582139346211068,35.2203133457483
85,4.039227906045814,35.34020625699277
86,4.32131991538677,35.45893665109865
87,4.6045501966892,35.576401200912926
88,2.7371392146043183,34.85678794489596
89,3.0147930083744474,34.97998641017875
90,3.2933342985119736,35.10233066312997
91,3.572813290588593,35.22374184758323
92,3.8532825945078453,35.34413479885882
93,4.134797839638115,35.463417789873155
94,4.417417405407084,35.58149185679847
97,2.830620353057797,34.98239945960945
98,3.1086913377858387,35.10512771874357
99,3.387672017361463,35.22696580604208
100,3.6676135561043153,35.34783216700527
101,3.9485698088554675,35.46763881166681
102,4.230597541754204,35.58629095478898
103,4.513756496893864,35.703686338981434
105,2.6466683864720015,34.9846667049128
106,2.924283651375393,35.10775735210631
107,3.202781447656213,35.22999888783935
108,3.4822114945535882,35.351313167140106
109,3.7626261007908255,35.47161583819836
110,4.044080250620574,35.59081601486126
111,4.326632017236416,35.708815796799634
112,4.6103423985931276,35.82550943178327
115,2.462929624891006,34.98679920940139
116,2.7401033014622134,35.11023147401942
117,3.018133207782393,35.23285404773799
118,3.2970675711899835,35.35459188822207
119,3.5769571976710135,35.47536413856967
120,3.8578554868981274,35.59508374854978
121,4.139818747267914,35.71365677934182
122,4.422906235144137,35.830982016469015
124,0.0904071884930663,33.97809984991098
125,0.3619462316391812,34.10597821260897
129,2.2793969542177432,34.98880746717503
130,2.5561427048440963,35.11256155415914
131,2.8337191320387656,35.235543727661806
132,3.1121731458063833,35.35768187468135
133,3.391553977270401,35.47889851268443
134,3.671913560082658,35.59911007106419
135,3.9533064871289807,35.718226650134966
136,4.235790227479274,35.83615121650748
137,4.5194253919897855,35.952779132311456
138,-0.09040718849306953,33.97809984991098
139,0.1809168586292697,34.10656351928569
140,0.45271169459354865,34.23420463135395
141,0.7250489026131985,34.36147523353874
144,2.096063250783213,34.99070159494818
145,2.3723944305878586,35.114758627484065
146,2.6495314389868967,35.238079737874756
147,2.927519878870967,35.36059596973773
148,3.206407654345653,35.4822328210735
149,3.486245070382225,35.60291022491021
150,3.7670852153998466,35.72254198021459
151,4.048983832230721,35.841035026486544
152,4.331999693670036,35.95828917009486
154,-0.2712956676889115,33.977603262002596
155,-3.506589833607423e-15,34.10701147559335
156,0.27153786695327303,34.2348833540504
157,0.5435947833235183,34.36227809348925
158,0.8162087680211432,34.48928271375831
159,1.0894128296110563,34.61585425851293
163,2.188851267815237,35.11683298137654
164,2.465562464071848,35.240473515180796
165,2.74309972467294,35.36334647661198
166,3.0215096108338324,35.48538053118319
167,3.30084093695686,35.606498745372164
168,3.5811452478203045,35.72661851169693
169,3.8624767717225463,35.84565061013114
170,4.1448923540482845,35.963499033308345
171,4.428452177421019,36.08006025117889
173,-0.4523033512167354,33.97709533076545
174,-0.18091685862927578,34.106563519285714
175,0.0904871164422927,34.235546934343134
176,0.36227288559698234,34.36305493868339
177,0.6345983878918285,34.49019391303252
178,0.9074957805257483,34.61692255846961
179,1.180998956816286,34.74319646021071
180,1.4551433721227347,34.86896792376949
182,2.0055063266376862,35.11879479780433
183,2.28180487714173,35.24273585668556
184,2.558904920040552,35.36594521338127
185,2.8368515882206453,35.48835434808211
186,3.115692402801785,35.609889508017005
187,3.3954774027366277,35.73047131501386
188,3.6762591472498602,35.850014392675185
189,3.9580929656787776,35.96842655325623
190,4.241037077478356,36.08560867477993
192,-0.6334348951931715,33.976570454861154
193,-0.36194623163918016,34.10597821260897
194,-0.09048711644229292,34.23554693434313
195,0.18107836364160487,34.36381181143215
196,0.45312475274376884,34.491073831643696
197,0.72572531439449,34.61794733338541
198,0.998913059998004,34.74438964703675
199,1.272722477304353,34.87035493362891
200,1.5471897342701353,34.99579389119268
201,1.8223528330015737,35.12065363711137
202,2.098251599320302,35.244877184517506
203,2.3749278801605413,35.36840346460707
204,2.652425601639497,35.49116654892437
205,2.930790986925934,35.61309576067296
206,3.2100725979262084,35.73411487094624
207,3.490321437169144,35.85414198988299
208,3.77159125363829,35.97308877267373
209,4.053938566301644,36.09086014562639
210,4.337422916413029,36.20735367886076
211,-0.814695043312019,33.976022709567886
212,-0.543099091981474,34.10537678519473
213,-0.2715378669532791,34.2348833540504
214,-2.6991701386115886e-15,34.364390695525444
215,0.2717828712278838,34.491928723681575
216,0.5440961802859695,34.618935390236985
217,0.8169785671912393,34.74553348005703
218,1.090463621315259,34.87167888971332
219,1.3645864960536533,34.99732422384896
220,1.639384294492362,35.12241867678273
221,1.9148956465364455,35.24690747761204
222,2.1911613033525703,35.37073193738549
223,2.468223969338591,35.4938288056398
224,2.7461285372709976,35.61613016268218
225,3.024922130526995,35.73756290316275
226,3.3046544138087346,35.85804834065011
227,3.585377524878918,35.97750188691071
228,3.8671462983423885,36.09583232054531
229,4.150018553943842,36.21294146398485
230,4.43405504777048,36.328723459419635
231,-0.9960887406212918,33.97544601393822
232,-0.7243801282969646,34.104753516857116
233,-0.4527116945935544,34.23420463135395
234,-0.18107836364159827,34.36381181143214
235,0.09056797287838392,34.492764624082014
236,0.36260331127832895,34.6198931779155
237,0.6351900999171167,34.74663489066448
238,0.9083610849000271,34.87294730763096
239,1.1821505094779103,34.998784929844554
240,1.4565943932334797,35.12409872053443
241,1.731730376959959,35.248836306657175
242,2.007598119059998,35.372941026758824
243,2.284239121356081,35.49635229363443
244,2.561697033870939,35.619004834706274
245,2.840017615350964,35.74082852094782
246,3.1192491525434485,35.861747753256516
247,3.399442259828626,35.981681420765874
248,3.6806502165869124,36.10054206267648
249,3.9629290859922834,36.21823549576861
250,4.246337880800144,36.334660305469534
252,-0.9057942594423976,34.10410225217645
253,-0.6340133203043462,34.23350499404067
254,-0.3622728855969781,34.3630549386834
255,-0.09056797287837945,34.492764624082014
256,0.18124177431346578,34.62082696982252
257,0.4535424833198163,34.74770063642215
258,0.7264093978509557,34.87416746853302
259,0.9998758961151454,35.000183712515906
260,1.2739769669337715,35.12570230417898
261,1.548749292521564,35.250672704462936
262,1.8242314628532381,35.375040627002754
263,2.1004638129140196,35.49874777062857
264,2.377488795250998,35.62173143086385
265,2.6553508963999097,35.74392430869589
266,2.9340969886721213,35.86525386604193
267,3.2137763060563627,35.98564218452155
268,3.4944405635736175,36.10500540546671
269,3.77614417763931,36.22325320231839
270,4.058944406636265,36.34028840771876
271,4.342901613340199,36.45600624162795
273,-0.8154475660355551,34.232778328641324
274,-0.5435947833235157,34.36227809348926
275,-0.27178287122787936,34.491928723681575
276,2.8673522589975005e-15,34.62154080990069
277,0.27203066441642504,34.74873712408131
278,0.5446032424902433,34.875346340123684
279,0.817757037945826,35.00152820388206
280,1.091526084462254,35.12723744049258
281,1.3659461633186605,35.25242546253962
282,1.6410546912500754,35.37704017077863
283,1.9168910233576788,35.50102543747958
284,2.193496375650243,35.624321054400326
285,2.4709140712118796,35.74686233842189
286,2.7491896086026975,35.8685797297148
287,3.028370836548977,35.98939833618127
288,3.308507982676764,36.10923774221794
289,3.5896538668228057,36.228011336491804
290,3.8718641011804977,36.34562590202233
291,4.155197292581357,36.46198100328033
292,4.439714937338386,36.57696854859652
293,-0.9970194791432334,34.23201839597208
294,-0.7250489026131929,34.361475233538734
295,-0.4531247527437697,34.4910738316437
296,-0.18124177431346325,34.62082696982252
297,0.09064974350590307,34.749750597105226
298,0.3629374586197087,34.876490596907935
299,0.6357884730685857,35.00282552908907
300,0.9092360166106012,35.12871191994877
301,1.183314825431855,35.25410307292
302,1.4580613673159522,35.378948737440425
303,1.7335139493906138,35.503195111111985
304,2.0097126290294534,35.626784304701054
305,2.286699516700786,35.74965408757694
306,2.564518902100249,35.87173775601966
307,2.8432172347792215,35.99296340016838
308,3.122843317607558,36.113253810179344
309,3.4034484910265372,36.23252584523314
310,3.68508677283571,36.35069010340157
311,3.96781491363251,36.46765039175171
312,4.25169270933404,36.583303001549915
315,-0.9066401814975671,34.3606400644101
316,-0.6345983878918338,34.49019391303252
317,-0.362603311278331,34.6198931779155
318,-0.09064974350590886,34.74975059710522
319,0.18140698858137766,34.87760664248083
320,0.45396494574661034,35.00408268632564
321,0.727101113255172,35.13013329223345
322,1.0008493992275913,35.25571348220444
323,1.275245278321304,35.38077506983553
324,1.5503259495974062,35.50526621186745
325,1.8261304996996175,35.62913131259559
326,2.1026998698790673,35.75231064632949
327,2.3800770371788005,35.87473994486599
328,2.6583072180160663,35.99635032584258
329,2.9374378292629717,36.11706752997534
330,3.2175187714291686,36.23681188293368
331,3.498602433943174,36.355497579798644
332,3.7807439482939875,36.473032317325185
333,4.064001382022794,36.58931670325821
334,4.348435745093245,36.70424373787988
335,-1.0883737976288765,34.359766045980514
336,-0.8162087680211593,34.48928271375831
337,-0.5440961802859742,34.61893539023697
338,-0.2720306644164289,34.74873712408131
339,-1.9265698814563683e-15,34.87845962420697
340,0.27228126198396657,35.00530629307535
341,0.5451159764255681,35.13150865308444
342,0.8185441419800238,35.257264508333606
343,1.0926003022092912,35.38252750342949
344,1.3673206616823252,35.50724780695716
345,1.6427432634822074,35.6313719302849
346,1.9189079093064594,35.75484243811198
347,2.195856458864511,35.877597681976106
348,2.4736327962383062,35.99957142030364
349,2.7522830685426216,36.12069237754975
350,3.0318556349470582,36.24088405333332
351,3.3124015542565175,36.36006410746269
352,3.5939742794103293,36.478143955676174
353,3.8766301697421293,36.5950283665008
354,4.1604284921117145,36.71061464184811
355,4.43729685560298,36.83611865319733
357,-0.997960927802836,34.48833373444955
358,-0.7257253143944925,34.6179473333854
359,-0.4535424833198235,34.74770063642215
360,-0.18140698858138546,34.87760664248082
361,0.0907324253024923,35.006502758765386
362,0.36327532684168395,35.13284492477023
363,0.6363935060769242,35.25876356397629
364,0.9101205857580418,35.38421407101381
365,1.1844918813113667,35.5091485006841
366,1.4595443605705203,35.63351542332964
367,1.7353167599679469,35.757259673602846
368,2.011849801716779,35.88032194405357
369,2.2891861472010056,36.002638578285826
370,2.5673706619781727,36.12414121239399
371,2.846450407167262,36.244756252604105
372,3.1264748874648514,36.364404739709585
373,3.407496095901934,36.48300170567063
374,3.689568739013759,36.6004556726587
375,3.972750335050058,36.716668319376666
376,4.257101406345102,36.83153368045
377,-1.1798601931585249,34.48734015911949
378,-0.9074957805257472,34.61692255846961
379,-0.6351900999171172,34.746634890664474
380,-0.362937458619714,34.876490596907935
381,-0.09073242530249373,35.006502758765386
382,0.18157407581816332,35.134148714741784
383,0.4543920798199494,35.260217793743884
384,0.7278004389924864,35.38584243825011
385,1.0018336117599835,35.510976604937746
386,1.276527376829512,35.63557083649418
387,1.5519196623227103,35.759572025307676
388,1.828049948261844,35.88292317970378
389,2.1049597755657126,36.00556314391061
390,2.382692749980079,36.12742621042354
391,2.661294627976452,36.24844174602756
392,2.940813512701654,36.36853389827613
393,3.221299927355231,36.48762110126707
394,3.5028069646946016,36.60561566031917
395,3.7853905300418678,36.72242322026006
396,4.0691093425641744,36.83794212699006
397,4.3458855260341505,36.963390738269005
399,-1.0894128296110488,34.61585425851293
400,-0.8169785671912287,34.745533480057034
401,-0.5446032424902431,34.875346340123684
402,-0.2722812619839709,35.00530629307535
403,-3.643912930676421e-15,35.13514501072521
404,0.2725346248563259,35.261634020794574
405,0.5456343991676927,35.387420041274275
406,0.8193399057128292,35.51274013143466
407,1.09368618990034,35.63754670397508
408,1.3687100813624289,35.76178875313303
409,1.6444500027329532,35.88541144564451
410,1.9209463567989986,36.008355982608094
411,2.198241563375263,36.13055920695403
412,2.4763800959849904,36.251953330158386
413,2.7554087477358578,36.37246543080451
414,3.035376549001597,36.49201720993166
415,3.3163351065330904,36.61052456112149
416,3.5983387400177294,36.72789684669583
417,3.8814444275193067,36.84403676742394
418,4.16571221332524,36.95883940326346
420,-1.271481814641161,34.61473548288206
421,-0.9989130599979992,34.744389647036755
422,-0.726409397850956,34.87416746853302
423,-0.45396494574660784,35.00408268632564
424,-0.1815740758181682,35.134148714741784
425,0.0908160627590185,35.2630188588555
426,0.36361696113400355,35.38895393222512
427,0.6370051885157689,35.51444670414723
428,0.9110148604874647,35.63945133255168
429,1.1856816854724548,35.76391878987594
430,1.46104327271903,35.887796358498434
431,1.7371388466527902,36.011027452095796
432,2.014009647949457,36.13355143814865
433,2.2916989503289833,36.255303102875196
434,2.5702521999875487,36.376212453076995
435,2.8497171311068095,36.496204296988395
436,3.1301438393522116,36.615197799333906
437,3.4115850036261137,36.73310612363046
438,3.6940960957206106,36.849835798983044
439,3.977735361097694,36.965286334863116
440,4.254419476830009,37.090678527521305
441,-1.1809989568162813,34.74319646021071
442,-0.9083610849000233,34.87294730763095
443,-0.635788473068583,35.002825529089066
444,-0.3632753268416875,35.13284492477023
445,-0.09081606275902143,35.26301885885551
446,0.18174300068943464,35.39045095349863
447,0.4548239409807446,35.51610364873712
448,0.7285074648796955,35.641292650149694
449,1.0028284229960434,35.765970700240636
450,1.2778233244953339,35.890087152875246
451,1.5535304019810554,36.013587568471216
452,1.8299897270625047,36.13641366948131
453,2.107243486083684,36.25850277900213
454,2.3853357904135626,36.37978761672515
455,2.664313030003908,36.500196006705465
456,2.944223950997495,36.619650289205616
457,3.225119726342053,36.738067101799686
458,3.507054175730283,36.855356751432936
459,3.790083821257951,36.97142287072517
460,4.0742682747375,37.08616166810447
462,-1.3632418026708266,34.74194657296991
463,-1.0904636213152568,34.87167888971333
464,-0.8177570156154859,35.001528196157416
465,-0.5451159764255673,35.131508653084445
466,-0.2725346248563255,35.26163402079458
467,1.1603383911182945e-15,35.39159471944328
468,0.2727908210169096,35.517718051381635
469,0.5461584642776579,35.64307823694519
470,0.8201442917855116,35.767952643443465
471,1.0947838450978347,35.89229265367394
472,1.370114372344266,36.01604586890202
473,1.6461748292352019,36.139156227563475
474,1.923006273821175,36.26156347546729
475,2.2006516450835316,36.38320301717521
476,2.4791560071150456,36.50400540602733
477,2.758566693040166,36.62389611717879
478,3.0389335233884305,36.74279508967129
479,3.320308699890542,36.860616274773655
480,3.602747194284276,36.97726714216449
481,3.886306773683676,37.092648155102985
482,4.16289882954002,37.217982795224025
483,-1.2727224773043557,34.87035493362891
484,-0.9998758740079172,35.00018372039421
485,-0.7271011132551691,35.13013329223346
486,-0.45439207981994784,35.260217793743884
487,-0.18174300068942692,35.39045095349863
488,0.0909006101608638,35.51929675540227
489,0.3639623287944172,35.644815398042255
490,0.6376234978059336,35.76987258082194
491,0.911918760679256,35.89442142187766
492,1.1868842776813269,36.01841152827567
493,1.4625581507007617,36.141789040822644
494,1.7389801720651215,36.264495961427926
495,2.0161921633339035,36.386470182041876
496,2.294237912761599,36.50764502370785
497,2.573163519754124,36.62794889730926
498,2.8530173351583685,36.7473048294752
499,3.133850144166921,36.865630217384755
500,3.4157152717553245,36.98283632485289
501,3.6986688038969278,37.09882767238494
502,3.982769878701211,37.21350148445853
504,-1.4551433721227316,34.86896792376949
505,-1.1821505094779035,34.998784929844554
506,-0.9092360110548177,35.12871191977653
507,-0.6363935060769292,35.25876356397628
508,-0.3636169611339956,35.38895393222512
509,-0.09090061016086268,35.51929675540225
510,0.18191378051892854,35.64651116999408
511,0.45526045141453264,35.77173802573133
512,0.7292221177603943,35.896481531865405
513,1.0038339840523096,36.020693400213254
514,1.2791330933272567,36.14432156112566
515,1.555158156751743,36.2673104582559
516,1.8319499456201127,36.38960022809468
517,2.109551027563834,36.51112686511322
518,2.3880061892609037,36.63182152632393
519,2.667362465196078,36.75161029664817
520,2.9476691983840144,36.87041387623432
521,3.2289782019682383,36.988147026531415
522,3.511343973247526,37.1047180592879
523,3.794823912908957,37.22002853888901
524,4.071323872193405,37.345304531579416
525,-1.3645864960536476,34.99732422384894
526,-1.0915260844622536,35.12723744049257
527,-0.8185441419800263,35.257264508333606
528,-0.5456343991676954,35.38742004127427
529,-0.27279082101690727,35.51771805138164
530,6.283569970700038e-15,35.64780662821583
531,0.2730497604359952,35.773556231009266
532,0.5466882182886249,35.89848089118624
533,0.8209573421262799,36.02289980503406
534,1.0958932176967093,36.14676296297276
535,1.3715335115848453,36.27001677408343
536,1.647917866942333,36.392603797826155
537,1.9250877517080387,36.51446240807433
538,2.2030867078451974,36.63552648805825
539,2.481960454184354,36.755724987452616
540,2.7617569073981283,36.874981759041596
541,3.04252654637012,36.99321486906808
542,3.324322236642095,37.11033646509713
543,3.607199611411137,37.22625194180185
544,3.8912172608515467,37.340859730766994
547,-1.2739769669337766,35.12570230417898
548,-1.0008493992275944,35.25571348220444
549,-0.7278004389924975,35.385842438250116
550,-0.4548239409807427,35.51610364873712
551,-0.18191378051891538,35.64651116999408
552,0.09098607907392374,35.7753342381789
553,0.3643114618616459,35.90042706049424
554,0.6382484833730012,36.02503894581342
555,0.9128323321816114,36.149121930829544
556,1.188099642342575,36.272624383433154
557,1.464089000167041,36.395491030338775
558,1.740840768983704,36.51766267789856
559,2.0183973227458902,36.63907562941546
560,2.2968030468207647,36.75966177927196
561,2.5761046601607136,36.87934778337256
562,2.8563510826261322,36.99805508882655
563,3.1375937364688657,37.11569926703068
564,3.4198867252425202,37.23218948347346
565,3.703286868877821,37.34742832160109
566,3.979694838017125,37.472644655781885
567,-1.456594393233476,35.12409872053442
568,-1.1833148198747603,35.254103072715644
569,-0.9101205857580529,35.38421407101381
570,-0.6370051885157624,35.51444670414724
571,-0.36396232879441903,35.64481539804226
572,-0.09098607907391391,35.7753342381789
573,0.18208641440942008,35.90232716716619
574,0.4557017399121385,36.02711864864443
575,0.7299444023771949,36.15140687430636
576,1.0048502043140475,36.27514230332526
577,1.2804566617946946,36.398271712247684
578,1.5568029879774945,36.52073811249668
579,1.8339305187381751,36.64248038674855
580,2.1118823461672505,36.76343288650698
581,2.39070398885792,36.88352527760208
582,2.6704428920441927,37.00268204931672
583,2.9511491714843747,37.1208219779269
584,3.2328752943532035,37.23785808986028
585,3.5156764101730356,37.35369671287884
586,3.7996106245963768,37.468237278947036
589,-1.365946163318656,35.25242546253962
590,-1.0926002801372476,35.38252751129735
591,-0.8193399057128298,35.512740131434654
592,-0.5461584642776692,35.64307823694519
593,-0.27304976043597917,35.773556231009266
594,2.688583290752857e-15,35.90377858026704
595,0.27331151577494306,36.029146307811814
596,0.5472236050887904,36.153625903308495
597,0.8217790313496633,36.277579275248236
598,1.0970142525550037,36.40095522504069
599,1.3729675389056615,36.52369895616411
600,1.6496790123966443,36.64575167230072
601,1.9271907060444509,36.76705023290804
602,2.2055467350163207,36.88752705004453
603,2.484793450764597,37.00710950188425
604,2.7649793665700018,37.12571966422939
605,3.0461555605088555,37.243273933307506
606,3.3283756528821984,37.35968238442152
607,3.611696008686507,37.474848505413696
608,3.888011929097615,37.6000039965749
609,-1.548749292521559,35.25067270446294
610,-1.2752452440514637,35.3807750512361
611,-1.0018336117599898,35.51097660493775
612,-0.7285074648796993,35.641292650149694
613,-0.455260451414527,35.77173802573133
614,-0.18208641440941864,35.90232716716619
615,0.09107244664535966,36.03112921572269
616,0.3646642718741105,36.155786737250054
617,0.6388801361124014,36.27994359276542
618,0.913755548245996,36.40355058082679
619,1.189327733091057,36.52655487678221
620,1.465635815830745,36.648899915441476
621,1.7427206302001448,36.77052504798759
622,2.020625125706883,36.891365253868486
623,2.2993943572088305,37.01135072711545
624,2.5790755277377357,37.130406604597304
625,2.859718256394012,37.248452468364476
626,3.1413746565138596,37.36540212338417
627,3.4240994338477333,37.48116285169802
628,3.7079501945036775,37.595635087006755
631,-1.4580613793417925,35.37894872616169
632,-1.1844918813113623,35.5091485006841
633,-0.9110148604874693,35.63945133255168
634,-0.6376234978059436,35.76987258082193
635,-0.36431146186164887,35.90042706049423
636,-0.09107244664535968,36.03112921572269
637,0.182260887685205,36.15789682080014
638,0.4561476815597457,36.28224334168932
639,0.730674325285505,36.40606637493691
640,1.005877092018994,36.52931514389842
641,1.281794051307685,36.6519352274153
642,1.5584648799117162,36.77386822868729
643,1.83593145145222,36.89505161943935
644,2.1142375423363418,37.01541833789375
645,2.3934290855156086,37.134896364334736
646,2.6735543204991647,37.253408558580894
647,2.954663875949208,37.3708719735244
648,3.236810926780954,37.487197623143246
649,3.5200514101054123,37.60228996516108
650,3.796275367336316,37.72738357065298
651,-1.6410546912500765,35.377040170778635
652,-1.367320661563585,35.507247779183594
653,-1.0936861899003387,35.63754670397508
654,-0.8201442917855205,35.76795264344348
655,-0.5466882182886323,35.898480891186225
656,-0.2733115157749407,36.02914630781182
657,-3.572860782070307e-15,36.15950850115533
658,0.2735760603224201,36.28448615876743
659,0.5477647076996017,36.4085109070322
660,0.8226093422657326,36.53198873055552
661,1.0981470214418803,36.65486719846416
662,1.374416465273148,36.77709013794126
663,1.6514583136405316,36.898597373649956
664,1.9293151872010168,37.01932448744893
665,2.208031779949013,37.13920217874565
666,2.4876549905053267,37.258156315446115
667,2.7682340314105733,37.376107240105746
668,3.0498205935636675,37.49296947817407
669,3.3324689836908816,37.608651294976966
670,3.6162362280928226,37.72305405543688
673,-1.550325949597401,35.50526621186744
674,-1.27652737682951,35.63557083649418
675,-1.002828422907051,35.765970672461016
676,-0.7292221177604027,35.89648153186541
677,-0.4557017399121411,36.02711864864443
678,-0.1822608876852098,36.15789682080015
679,0.09115975243952781,36.28667949257125
680,0.36502087566479674,36.41089224128287
681,0.6395183914395338,36.53458421674962
682,0.9146883679963944,36.65770506149175
683,1.1905685905488164,36.78020073103155
684,1.467198541645953,36.90201333987512
685,1.7446197130554684,37.023080752972916
686,2.02287561627807,37.143336560087555
687,2.302011781419724,37.262709328852345
688,2.5820761214351746,37.38112261825009
689,2.863118901738155,37.49849428244944
690,3.145192865347961,37.614736170525035
691,3.42835340365991,37.72975365783929
692,3.704485349399538,37.854784265581294
693,-1.7335139493906127,35.50319511111199
694,-1.4595443605705232,35.633515423329634
695,-1.185681679914902,35.76391878961751
696,-0.91191877267792,35.894421410601744
697,-0.6382484833730062,36.02503894581342
698,-0.36466427187410727,36.15578673725005
699,-0.09115975243953157,36.28667949257125
700,0.18243720862119525,36.41321791653356
701,0.45659832985393617,36.537109864557976
702,0.7314118928175387,36.66045776308601
703,1.0069146431192508,36.783209612990625
704,1.2831452056573813,36.90530972950199
705,1.5601437814455128,37.02669833008589
706,1.8379527550234724,37.147311494000355
707,2.1166164934273044,37.26708062668737
708,2.3961815131653452,37.38593213948512
709,2.676696669924995,37.50378721142018
710,2.958213284188942,37.62056109168474
711,3.240785163514002,37.736162934536395
712,3.5244688814124063,37.85049510744714
715,-1.6427432579237784,35.63137193001452
716,-1.3687100813624296,35.761788753133025
717,-1.0947838111307227,35.89229265059846
718,-0.8209573421262787,36.02289980503405
719,-0.5472236050887855,36.1536259033085
720,-0.2735760603224219,36.28448615876743
721,2.223610422777786e-15,36.41499419312741
722,0.2738433635245221,36.53957357467495
723,0.5483114581271884,36.66313382398616
724,0.8234483023458057,36.78612600778651
725,1.0992914890374268,36.90849645623239
726,1.3758802252575018,37.03018788769002
727,1.653255696780925,37.15113857869394
728,1.9314611270441742,37.27128262309234
729,2.2105417671118586,37.39054934685447
730,2.490545041241253,37.50886283932976
731,2.7715208765587995,37.62614179875532
732,3.0535216080530567,37.742298898343506
733,3.336602159522214,37.85724045196268
734,3.6126421886357556,37.982206965865934
735,-1.8261304996996315,35.629131312595604
736,-1.5519196403039974,35.75957203314543
737,-1.2778233020856953,35.89008714529399
738,-1.0038339784949175,36.02069339993624
739,-0.7299444023771957,36.15140687430635
740,-0.4561476815597366,36.28224334168932
741,-0.1824372086211922,36.413217916533554
742,0.09124797505272982,36.54198300817675
743,0.3653812011349048,36.66574137485882
744,0.6401633202725533,36.78895862781464
745,0.9156309171699468,36.911583162698456
746,1.1918221609265562,37.03355962464259
747,1.4687771989063552,37.15482881400684
748,1.7465380346344657,37.27532728886607
749,2.0251486772495437,37.394987002615224
750,2.3046553396427876,37.51373510382371
751,2.585106480342852,37.63149335098331
752,2.8665529821374394,37.74817789291623
753,3.14904825778748,37.86369870494884
754,3.4326484815106606,37.97795917307886
757,-1.7353167375352898,35.757259666057806
758,-1.4610432727190286,35.88779635849843
759,-1.1868842776813369,36.01841152827567
760,-0.9128323101445437,36.149121938697405
761,-0.6388801361123861,36.27994359276541
762,-0.3650208532794061,36.410892233675575
763,-0.09124797505272879,36.54198300817675
764,0.18261540241901272,36.66828837396363
765,0.45705365809040804,36.79171609620549
766,0.7321570791203815,36.91457884073682
767,1.007962918797438,37.03682340636349
768,1.284510159335142,37.15839284105827
769,1.5618396753134203,37.27922603173418
770,1.8399944259098298,37.39925754462332
771,2.1190192185431806,37.51841730636814
772,2.398961242660349,37.636630149002585
773,2.6798699835379747,37.7538154592677
774,2.961797376323129,37.869886754961286
775,3.244797921419027,37.98475125259624
776,3.5207460336686403,38.109652575514
777,-1.9189078868632412,35.75484243059583
778,-1.644449997174197,35.8854114453447
779,-1.370114372344274,36.01604586890202
780,-1.0958931952827973,36.1467629554032
781,-0.8217790194037528,36.27757926431876
782,-0.5477646856477166,36.40851091491768
783,-0.27384336352451855,36.539573574674954
784,1.7749463120463853e-15,36.670233585200585
785,0.2741134892625568,36.794406436086554
786,0.5488638992774318,36.91749232374187
787,0.8242959216159859,37.03998871597248
788,1.1004476563358816,37.16184080680288
789,1.3773588840530422,37.282989777378575
790,1.6550712405525585,37.40337275684536
791,1.9336285791942305,37.522922267597565
792,2.213076641183884,37.641566013424494
793,2.493463589607269,37.759226553379754
794,2.7748398856117538,37.8758207670707
795,3.057258523680708,37.99125953988112
796,3.340775153039451,38.105447158974165
797,3.581221933202194,38.27953675220133
798,-1.8280499482618406,35.88292317970379
799,-1.5535303799793292,36.01358757630551
800,-1.2791330933272567,36.14432156112566
801,-1.004850216355733,36.275142292020284
802,-0.7306743252854991,36.40606637493691
803,-0.4565983242983533,36.537109864259506
804,-0.18261540241900792,36.66828837396363
805,0.09133714148239283,36.79703757322193
806,0.3657452571831481,36.92033199894861
807,0.6408149034405694,37.04306461818312
808,0.916583062793863,37.16518248533921
809,1.1930884992503625,37.28662917263047
810,1.470371804728405,37.40734403914185
811,1.7484755819241902,37.52726221267464
812,2.027444370426345,37.64631419367163
813,2.307324971708363,37.76442545152583
814,2.5881665388396655,37.88151619821185
815,2.8700204516622185,37.9975006714719
816,3.152940950587521,38.11228705366996
817,3.4287971495240055,38.23712212011958
819,-2.0118497961599724,35.88032194373731
820,-1.7371388242031165,36.01102744458419
821,-1.4625581507007617,36.141789040822644
822,-1.1880996423425745,36.272624383433154
823,-0.9137555481667812,36.403550553053016
824,-0.6395183914395305,36.534584216749614
825,-0.36538120113490025,36.665741374858825
826,-0.09133714148239445,36.79703757322193
827,0.1827954560253438,36.92310605557346
828,0.45751369194774844,37.046059738194536
829,0.7329099062507357,37.16842732895255
830,1.0090217963356385,37.290154238299436
831,1.2858889123382333,37.41118225787647
832,1.5635526369410717,37.53144889342588
833,1.8420563868820488,37.65088732219256
834,2.121445712315303,37.76942589942939
835,2.4017682677297194,37.886987773438804
836,2.683074217907937,38.003490726758706
837,2.965416149770245,38.11884636203153
838,3.248849146100116,38.23296000939584
839,3.489179834435566,38.4069974459391
841,-1.9209463567989955,36.008355982608094
842,-1.6461748292352005,36.139156227563475
843,-1.3715335115848402,36.27001677408343
844,-1.0970142525550053,36.4009552250407
845,-0.8226093422657329,36.531988730555526
846,-0.5483114581271906,36.66313382398614
847,-0.27411348926255735,36.794406436086554
848,-3.974499884385195e-16,36.92522457606872
849,0.27438640948361837,37.0489826064474
850,0.5494219135972684,37.17158423842561
851,0.8251521357245174,37.293574720810945
852,1.1016155222570718,37.41489784179824
853,1.3788523735745033,37.535493605244206
854,1.6569048942169902,37.655297618558954
855,1.9358174606427536,37.774240914814435
856,2.2156364828630504,37.89224976883887
857,2.496410613258742,38.00924490521958
858,2.7781910561561176,38.12514160126967
859,3.0610313721555227,38.23984876171115
860,3.336795736587126,38.36461644550662
861,3.541520717155651,38.58784624049667
862,-2.104959775565715,36.00556314391061
863,-1.8299897270624987,36.13641366948131
864,-1.5551581567517425,36.26731045825589
865,-1.2804566617946915,36.398271712247684
866,-1.0058770920189966,36.529315143898415
867,-0.7314118928175372,36.66045776308601
868,-0.4570536525336202,36.79171609587027
869,-0.18279545602533975,36.92310605557346
870,0.0914271944657961,37.051841166818285
871,0.36611306083365064,37.17466195968626
872,0.6414730787758014,37.29689989904211
873,0.9175448751124545,37.41850088561346
874,1.1943675686858934,37.53940712568425
875,1.471982389224668,37.659556658269594
876,1.7504323620135565,37.778883172217895
877,2.0297626512966023,37.89731563333773
878,2.310020734692634,38.01477799142401
879,2.5912562610381835,38.131188627298805
880,2.8735213375493744,38.246460111459534
881,3.156870734620772,38.36049866452163
882,3.397085445101113,38.534483105069306
884,-2.014009647949455,36.13355143814865
885,-1.7389801720651215,36.26449596142793
886,-1.464089000167042,36.39549103033876
887,-1.189327732980974,36.52655484900303
888,-0.914688367996392,36.65770506149174
889,-0.6401633202725484,36.78895862781464
890,-0.3657452351603791,36.920332006839516
891,-0.09142719446579912,37.05184116681828
892,0.18297731932259353,37.17766880021829
893,0.4579784427347474,37.30013877450132
894,0.7336703750410581,37.4220010146804
895,1.010091350367066,37.54319983476141
896,1.2872814459854833,37.66367567014749
897,1.5652825910929018,37.78336468295004
898,1.84413870334332,37.902198470642645
899,2.123895916967442,38.020103939447445
900,2.4046025941623683,38.137002595077
901,2.6863093602760713,38.252810425533696
902,2.969069510756807,38.36743731674992
903,3.244742026790412,38.49213647588346
904,3.4493271544310713,38.71532772622559
906,-1.9230062738211793,36.26156347546729
907,-1.647917866942333,36.39260379782615
908,-1.3729675389056692,36.52369895616411
909,-1.0981470335517303,36.65486718712845
910,-0.8234483023457946,36.78612600778649
911,-0.5488638648615679,36.91749230530139
912,-0.27438640948362886,37.048982606447396
913,-7.577671530292051e-15,37.17996509164145
914,0.27466208187900104,37.303299909782865
915,0.5499857078321522,37.425407474044285
916,0.8260170159105941,37.54688175462311
917,1.1027950655473486,37.66766538992734
918,1.380360673721777,37.78769695627545
919,1.6587566642325855,37.90691073167054
920,1.938027810431572,38.02523623083145
921,2.2182212265691845,38.14259805475745
922,2.499386142847303,38.258915422193205
923,2.7815743421681005,38.374101713578895
924,3.0648401197663926,38.48806403873854
925,3.3049389616846785,38.66199469329445
926,3.5016967029761688,38.89581580026941
927,-2.1072434860836893,36.25850277900213
928,-1.831949945620113,36.389600228094686
929,-1.5568029879774954,36.52073811249667
930,-1.2817940392900036,36.65193521653978
931,-1.0069146431192475,36.783209612990625
932,-0.7321570911802663,36.91457882940875
933,-0.45751369194775876,37.046059738194536
934,-0.1829773193226016,37.17766880021829
935,0.09151819401465781,37.30639167758259
936,0.3664845877746803,37.428729140882474
937,0.6421379718673067,37.55046237876795
938,0.9185162979061766,37.67153614197385
939,1.1956593607797417,37.791891223514554
940,1.4736088032701746,37.91146435150625
941,1.752408318271384,38.030187796460346
942,2.0321035593903454,38.14798895821994
943,2.3127425747962342,38.264790162720544
944,2.594375637415156,38.38050810682306
945,2.877055542433551,38.495053584280406
946,3.1526362734288913,38.61968321403144
947,3.357081757990316,38.842835406063095
950,-2.0161921633339066,36.38647018204186
951,-1.740840768983709,36.51766267789855
952,-1.4656358158307377,36.64889991544148
953,-1.1905685905488295,36.78020073103155
954,-0.915630917169949,36.911583162698456
955,-0.6408149033851949,37.04306459040913
956,-0.3661130608336527,37.17466195968628
957,-0.09151819401466281,37.30639167758259
958,0.18316103911113177,37.43197462034704
959,0.45844784655162396,37.55395098556363
960,0.7344384485244808,37.67529775059379
961,1.0111715881571872,37.79595802697065
962,1.2886877932867227,37.91587080015113
963,1.5670295207892704,38.034970922000255
964,1.8462413535252178,38.15318858672797
965,2.126369913143044,38.270448967440196
966,2.407464134734836,38.386672057975225
967,2.689575402002869,38.50177206095425
968,2.972757495347463,38.61565700004312
969,3.21274065244637,38.78953316504557
970,3.4093510190022367,39.02332164826275
971,-2.200651645083525,36.3832030171752
972,-1.925087751708044,36.51446240807434
973,-1.6496790123966336,36.64575167230071
974,-1.374416465273164,36.777090137941244
975,-1.099291489037434,36.90849645623239
976,-0.8242959216159819,37.039988715972484
977,-0.549421913597267,37.17158423842561
978,-0.27466208187900515,37.30329990978288
979,-1.0078766064833958e-16,37.43445307152431
980,0.27494053866910173,37.55735634100357
981,0.5505550947184018,37.67895979335825
982,0.8268905271812687,37.79990763931096
983,1.103986317503175,37.92014116360862
984,1.3818838504052255,38.03959758811089
985,1.660626480446799,38.158209737463736
986,1.9402596244612775,38.27590575639381
987,2.220830851370361,38.39260850681555
988,2.502390096120052,38.50823558974938
989,2.784989725517706,38.62269856649474
990,3.0604786573664797,38.74725750659195
991,3.2647847889917996,38.970370249658544
992,3.4617343799694376,39.2034677286303
994,-2.1095510275638354,36.511126865113226
995,-1.8339305187381727,36.64248038674855
996,-1.5584648799117227,36.7738682286873
997,-1.2831452055361048,36.90530970172313
998,-1.007962918797428,37.03682340636349
999,-0.7329099062507295,37.16842732895255
1000,-0.45797844273473887,37.30013877450133
1001,-0.18316103911113227,37.43197462034704
1002,0.09161009006137101,37.56068699262874
1003,0.3668598605234709,37.682531406639484
1004,0.6428094505109351,37.80374991082824
1005,0.91949739153449,37.92428595689329
1006,1.1969639407330281,38.04407914224742
1007,1.4752511739177114,38.16306476477785
1008,1.7544035002336422,38.281173636300245
1009,2.0344670730532517,38.398331692773425
1010,2.315490490966671,38.514459502518825
1011,2.5975246967592716,38.629472166705234
1012,2.880623154191807,38.74327860893038
1013,3.1204907135626305,38.91709942430959
1014,3.3169540184215482,39.15085487349661
1017,-2.2942379127616013,36.50764502370785
1018,-2.018397322745893,36.63907562941546
1019,-1.7427206302001395,36.77052504798759
1020,-1.4671985416459559,36.90201333987512
1021,-1.191822167536198,37.03355961286839
1022,-0.9165830627938548,37.1651824853392
1023,-0.6414730787757859,37.296899899042096
1024,-0.36648458777467996,37.42872914088248
1025,-0.09161009006137096,37.560686992628725
1026,0.18334662861252538,37.68602134029684
1027,0.45892199024923847,37.807494243149776
1028,0.7352141831607802,37.928315319359555
1029,1.0122624911174571,38.04842649368086
1030,1.2901079156073176,38.1677653637998
1031,1.5687934900902643,38.28626538491497
1032,1.8483643340033178,38.403855276143645
1033,2.128867628397717,38.520458628680394
1034,2.410352934626248,38.63599379477354
1035,2.6928722521570974,38.75037318322086
1036,2.9682694145606616,38.87486034231336
1037,3.1724364419379483,39.09793314351065
1038,3.3692360490115245,39.33100126393531
1043,-2.203086707845193,36.635526488058254
1044,-1.9271907060444449,36.76705023290804
1045,-1.6514583136405263,36.89859737364994
1046,-1.3758802131913839,37.03018787684778
1047,-1.100447634378866,37.16184081464938
1048,-0.8251521357245134,37.293574720810945
1049,-0.5499857078321572,37.42540747404427
1050,-0.2749405386690972,37.55735634100357
1051,-6.624996924301017e-15,37.688686446953184
1052,0.2752218616622269,37.81114972903579
1053,0.5511301412516585,37.932239136788134
1054,0.8277726431207382,38.05265012417472
1055,1.1051892636865501,38.17232287944392
1056,1.3834218712410662,38.29119317365798
1057,1.6625144531482061,38.40919239591699
1058,1.9425128815783075,38.52624710323726
1059,2.2234653894137972,38.64227866117386
1060,2.5054224838845385,38.757202929714715
1061,2.7884372178901655,38.870929709699666
1062,3.028189395346624,39.04469445368402
1063,3.2245059240525857,39.2784164238445
1064,3.4216191622747103,39.510823114696805
1065,3.619453211427862,39.742000926944236
1066,3.8179368899388155,39.97203201053162
1067,4.017003541579325,40.200994699924
1069,-2.388006201627219,36.631821514879036
1070,-2.1118823461672522,36.76343288650698
1071,-1.8359314514522185,36.89505161943934
1072,-1.5601437814455226,37.0266983300859
1073,-1.2845101368405596,37.1583928336416
1074,-1.0090217963356374,37.290154238299436
1075,-0.7336703750410626,37.422001014680404
1076,-0.45844784655162374,37.55395098556365
1077,-0.18334662861253562,37.68602134029682
1078,0.091702929813241,37.81472513485331
1079,0.3672388639290459,37.93606664526483
1080,0.643487597642908,38.05676021819192
1081,0.9204880886703586,38.17674815794288
1082,1.1982811565134153,38.29596864019654
1083,1.4769095152412834,38.4143556421854
1084,1.7564178713287149,38.53183846650444
1085,2.0368531095250106,38.64834146857787
1086,2.3182644471204354,38.763783684434415
1087,2.600703391510726,38.8780783604844
1088,2.876008797416014,39.002492634532615
1089,3.08003698934513,39.225525031252495
1090,3.2766869143912962,39.45856333014501
1091,3.474092138926973,39.69033368427063
1092,3.6721795365956873,39.92091999827427
1093,3.870880422794657,40.15040210927079
1094,4.0701306404154725,40.37885627812558
1097,-2.29680304659085,36.759661751495116
1098,-2.0206251257068906,36.891365253868486
1099,-1.7446197130554728,37.02308075297292
1100,-1.4687771989063454,37.15482881400683
1101,-1.1930884992503519,37.28662917263046
1102,-0.9175448751124605,37.41850088561347
1103,-0.6421379718673194,37.55046237876797
1104,-0.3668598484754159,37.6825313957713
1105,-0.09170292981324901,37.81472513485329
1106,0.18353407939635938,37.93980694309484
1107,0.4594007925766641,38.06076640932249
1108,0.7359975219580288,38.18105158948863
1109,1.013364016955025,38.300603044301084
1110,1.2915417970669574,38.419357118123514
1111,1.5705744507453399,38.53724575490064
1112,1.8505075908229052,38.65419618588516
1113,2.1313890769665926,38.77013050176328
1114,2.413269024912441,38.884965327158454
1115,2.6961999916629296,38.99861127341978
1116,2.9358368720642463,39.1723191170351
1117,3.1320069198168983,39.40600718841524
1118,3.328967799380909,39.638387514497325
1119,3.5266441872804863,39.869545742374264
1120,3.7249654955024756,40.0995634394989
1121,3.923865603306403,40.32851835842294
1122,4.123282492969653,40.55648449905395
1124,-2.4819604541843483,36.75572498745263
1125,-2.2055467473751365,36.8875270385974
1126,-1.9293151872010113,37.01932448744894
1127,-1.6532556967809204,37.15113857869393
1128,-1.3773588840530275,37.28298977737857
1129,-1.1016155222570756,37.41489784179824
1130,-0.8260170159105972,37.54688175462311
1131,-0.5505551068241442,37.67895978199169
1132,-0.2752218616622367,37.81114972903579
1133,-3.975777619065681e-15,37.942663200190964
1134,0.27550589943109377,38.06467802624776
1135,0.5517108990407986,38.18524326301505
1136,0.8286633741895952,38.30510713363313
1137,1.106403863819459,38.42420838041966
1138,1.3849747684780924,38.54248145172487
1139,1.6644204748034255,38.65985630397459
1140,1.9447875596780408,38.776257947511006
1141,2.226124774463648,38.89160617871001
1142,2.508483328010354,39.00581506241947
1143,2.7836969716544178,39.13015533748401
1144,2.9875865867255387,39.35314683257059
1145,3.184087151209994,39.586154879599235
1146,3.381337473286311,39.81790206509737
1147,3.5792649804286913,40.04847167804219
1148,3.777801557965775,40.27794297384768
1149,3.9768835262189577,40.50639164321626
1150,4.176450834583642,40.73388973225954
1151,-2.3907039767071914,36.88352526683986
1152,-2.114237542336344,37.015418337893756
1153,-1.8379527550234669,37.147311494000355
1154,-1.5618396753134127,37.279226031734176
1155,-1.2858889123382242,37.41118225787647
1156,-1.0100913503670572,37.54319983476141
1157,-0.7344384485244848,37.6752977505938
1158,-0.45892199020948105,37.80749421537573
1159,-0.18353407939637306,37.93980694309484
1160,0.09179666883088973,38.068504004626746
1161,0.36762160716910625,38.18933275255123
1162,0.6441723582211275,38.30949130809088
1163,0.9214884750523838,38.428920599565146
1164,1.1996111449539342,38.54755755475632
1165,1.478583729104337,38.66533471924906
1166,1.7584514124822217,38.782179912583295
1167,2.0392617357897955,38.89801593471118
1168,2.321064445064366,39.01276020623336
1169,2.603911721406659,39.12632423218747
1170,2.843433435900774,39.29997443266717
1171,3.0394572929658015,39.53362816653081
1172,3.2362661300407374,39.76598162194437
1173,3.4337852215217386,39.99711970610922
1174,3.631944561062009,40.22712340287322
1175,3.8306785679721904,40.45606984005543
1176,4.0299255791378386,40.684032614365165
1178,-2.5761046601607047,36.87934778337256
1179,-2.299394357208833,37.01135072711547
1180,-2.022875616278075,37.14333656008755
1181,-1.7465380346344643,37.27532728886605
1182,-1.4703718047283938,37.40734403914184
1183,-1.194367568685892,37.53940712568426
1184,-0.9185162979061792,37.67153614197385
1185,-0.6428094505109355,37.80374991082824
1186,-0.3672388639290521,37.93606664526483
1187,-0.09179666883088745,38.06850400462674
1188,0.1837233053267844,38.1933293517234
1189,0.45988431227427073,38.31376543674102
1190,0.736788550141968,38.43350442795285
1191,1.0144762174179345,38.5524855453472
1192,1.2929894542591818,38.67064377768987
1193,1.5723723784738979,38.787909741452744
1194,1.8526711823489521,38.90420902795751
1195,2.133934183421079,39.01946221180042
1196,2.4162122938529533,39.13358420549555
1197,2.6913342716622353,39.257849414944914
1198,2.8950855393444073,39.480799576886895
1199,3.091437030321471,39.71377685447508
1200,3.2885328043638875,39.94550037282716
1201,3.4863007863962507,40.17605265663548
1202,3.6846735201800893,40.40551251810347
1203,3.883587603261609,40.633954942583415
1204,4.082983556162424,40.861451589641646
1205,-2.4847934507645864,37.007109501884244
1206,-2.20803177994903,37.13920217874566
1207,-1.9314611270441713,37.271282623092326
1208,-1.6550712405525538,37.40337275684536
1209,-1.3788523510471695,37.535493597898395
1210,-1.1027950655473464,37.667665389927336
1211,-0.826890515080312,37.79990762848226
1212,-0.5511301412516528,37.93223913678815
1213,-0.2755058994310837,38.06467802624776
1214,1.20684852907894e-08,38.1963813091208
1215,0.27579273085146766,38.317939144967035
1216,0.5522972659056286,38.43797017583134
1217,0.8295627664349504,38.557276475868676
1218,1.1076301704620684,38.675795434151375
1219,1.38654244209744,38.793460182569625
1220,1.6663445821536516,38.91019918610222
1221,1.947083641937223,39.02593596444372
1222,2.228809073659252,39.14058858756066
1223,2.511572555422201,39.254069536734804
1224,2.750979260229832,39.427661309372496
1225,2.9468572382861105,39.66128033145355
1226,3.143514366072111,39.89360633947831
1227,3.340876552993792,40.12472376411933
1228,3.538874348289736,40.35471284028937
1229,3.7374426221271833,40.58365016496594
1230,3.9365201802243694,40.811608820260005
1232,-2.6704428920441914,37.00268204931672
1233,-2.393429085515609,37.13489636433473
1234,-2.116616493427309,37.26708062668737
1235,-1.8399944259098304,37.39925754462332
1236,-1.5635526150372399,37.531448901243756
1237,-1.2872814459854782,37.66367567014749
1238,-1.0111716003621067,37.795958015561695
1239,-0.7352141831607748,37.928315319359555
1240,-0.45940079257665595,38.06076640932249
1241,-0.1837233174185088,38.193329340346466
1242,0.09189134167787172,38.322021670207775
1243,0.36800805844533885,38.44232770327252
1244,0.6448638023872657,38.56194094520245
1245,0.9224984484139617,38.680801057885354
1246,1.2009538647480322,38.79884357509018
1247,1.4802738164344886,38.9159996817996
1248,1.7605041190349315,39.03219568150541
1249,2.0416929112462108,39.1473528060754
1250,2.323890464379835,39.26138673472799
1251,2.598920773343764,39.38557574165981
1252,2.8025339727163696,39.608484156275324
1253,2.998736747350677,39.84143025296844
1254,3.1956783208895656,40.07312952221073
1255,3.3932871941588,40.30366394088166
1256,3.5914964225577553,40.533111660342705
1257,3.7902430831967058,40.76154716506152
1258,3.9894681234689098,40.989041654451036
1259,-2.579075527737738,37.130406604597304
1260,-2.3020117814197274,37.26270932885235
1261,-2.025148677249542,37.39498700261524
1262,-1.748475581749927,37.527262184897204
1263,-1.4719823835225794,37.65955662999391
1264,-1.1956593607797383,37.79189122351455
1265,-0.9194973914499632,37.9242859291206
1266,-0.643487597642905,38.05676021819195
1267,-0.36762158467064593,38.18933274516094
1268,-0.09189134167153781,38.322021642432965
1269,0.1839144448228058,38.4465865783115
1270,0.460372524403721,38.56648920875084
1271,0.7375871421416363,38.68567163287073
1272,1.015599062178275,38.804071738406314
1273,1.29445087822175,38.92162315858986
1274,1.5741872823187681,39.03825504284386
1275,1.854855020603703,39.1538914956702
1276,2.136503064092262,39.26845144250454
1277,2.4191827332758193,39.38184810354783
1278,2.6584745633058704,39.55538065686602
1279,2.8542069487007793,39.788964504460196
1280,3.050712721740185,40.021262703198126
1281,3.247918353348414,40.25235883600533
1282,3.44575500041021,40.48233269977397
1283,3.6441579341878056,40.7112602232985
1284,3.8430664933399874,40.93921402941546
1287,-2.4876549905053187,37.258156315446115
1288,-2.210541767111865,37.39054934685448
1289,-1.9336285791942305,37.522922267597565
1290,-1.6569049065519084,37.65529760710358
1291,-1.3803606738602365,37.7876969340502
1292,-1.1039863175031714,37.92014116360862
1293,-0.8277726431207362,38.05265012417471
1294,-0.5517108771040896,38.18524327088546
1295,-0.2757927308514714,38.317939144967035
1296,-1.346959658921293e-15,38.44983877384233
1297,0.2760823670566488,38.57093109170273
1298,0.5528893155297798,38.690417719054366
1299,0.830470752415783,38.809155922817034
1300,1.1088681592807919,38.92708185872142
1301,1.388124981972143,39.04412711501287
1302,1.6682867519276816,39.16021884903171
1303,1.9494011723710665,39.275278853712116
1304,2.2315181561422697,39.38922365442154
1305,2.506456783235976,39.513335340352334
1306,2.70993216694789,39.736201534771006
1307,2.905986548007991,39.96911596107769
1308,3.1027742559014917,40.20079049913556
1309,3.300224399987658,40.43130644201926
1310,3.498270494661566,40.66074141646823
1311,3.696850170419626,40.88916931630436
1312,3.895904782185987,41.1166608761235
1313,-2.673554320499165,37.253408558580894
1314,-2.396181513165359,37.38593213948512
1315,-2.1190192185431806,37.51841730636816
1316,-1.8420563746997385,37.65088731143843
1317,-1.5652825912413542,37.78336466072415
1318,-1.288687793286729,37.915870800151126
1319,-1.0122624911174591,38.04842649368086
1320,-0.7359975219580314,38.181051589488625
1321,-0.45988430671886527,38.313765436237006
1322,-0.18391444482280447,38.4465865783115
1323,0.09198692921107798,38.575275961716756
1324,0.36839826612085047,38.69504943487867
1325,0.6455618453589748,38.81410711528465
1326,0.9235180482510267,38.93238740872956
1327,1.2023092729671534,39.04982464227677
1328,1.4819798027719198,39.16634837188485
1329,1.762576059063438,39.28188348624262
1330,2.0441466352453723,39.396349699344235
1331,2.326742529414938,39.50966093175587
1332,2.5659196218917453,39.683133526046845
1333,2.761506714569106,39.916681816483326
1334,2.9578614458419596,40.148951631852356
1335,3.1549109284656858,40.38002600151406
1336,3.3525867339222386,40.609983940854136
1337,3.5508247705203817,40.83890103812144
1338,3.749564782510443,41.066849300192196
1341,-2.582076121435177,37.38112261825009
1342,-2.3046553396427867,37.51373510382371
1343,-2.0274443704263407,37.64631419367163
1344,-1.7504323394335781,37.77888316496299
1345,-1.4736088031283536,37.91146432373548
1346,-1.196963940733031,38.044079142247426
1347,-0.9204880886703637,38.17674815794288
1348,-0.6441723582211257,38.30949130809088
1349,-0.36800805844533585,38.44232770327252
1350,-0.09198692921107361,38.575275961716756
1351,0.18410741920636203,38.69957653651899
1352,0.46086540840672396,38.81893570491719
1353,0.7383933783665433,38.93755115210926
1354,1.0167325550361634,39.05535951056058
1355,1.2959261087948057,39.17229308182887
1356,1.5760191739185063,39.28827944251736
1357,1.8570591568596102,39.40324130799528
1358,2.1390955753559044,39.51709586720576
1359,2.413942546686541,39.64112915713143
1360,2.61728033897089,39.863952642605085
1361,2.813186649782058,40.09683500535261
1362,3.0098208542054743,40.32848423845016
1363,3.207112653330563,40.5589811835496
1364,3.4049960330120332,40.788402704103085
1365,3.6034091324015907,41.016822324639165
1366,3.8022936407636982,41.244310225134655
1368,-2.7682340314105685,37.37610724010576
1369,-2.4905450289977584,37.508862828633156
1370,-2.213076641183882,37.64156601342451
1371,-1.9358174387944178,37.774240922610026
1372,-1.658756664232573,37.90691073167054
1373,-1.3818838504052382,38.039597588110894
1374,-1.1051892636865488,38.17232287944393
1375,-0.8286633741895848,38.305107133633136
1376,-0.5522972659056228,38.43797017583133
1377,-0.2760823670566474,38.57093109170273
1378,8.37740549284545e-15,38.70303356604463
1379,0.2763747750100344,38.82365179555044
1380,0.5534870373092788,38.94258384157893
1381,0.831387387428048,39.060743491669946
1382,1.110117793439243,39.17806549337231
1383,1.389722296737325,39.29448013523541
1384,1.670246985194608,39.40991293841138
1385,1.951740057702532,39.52428427091594
1386,2.2342521145018326,39.637508964079
1387,2.4733146310837277,39.810920766217336
1388,2.668756752543159,40.044433106922455
1389,2.86496075175764,40.276674095575
1390,3.0618543955436905,40.50772610114152
1391,3.2593698251330006,40.73766759752742
1392,3.457443365203451,40.96657360091355
1393,3.656015181467559,41.19451558296668
1394,3.8550291100298146,41.42156187568859
1396,-2.676696682460434,37.50378719986661
1397,-2.398961242660357,37.63663014900258
1398,-2.121445712315305,37.76942589942939
1399,-1.844138697785199,37.90219847007441
1400,-1.567029520789279,38.034970922000255
1401,-1.2901079156073185,38.1677653637998
1402,-1.0133640169550235,38.30060304430109
1403,-0.7367885501419631,38.43350442795285
1404,-0.46037250187181744,38.56648920142174
1405,-0.18410741920635082,38.69957653651898
1406,0.09208344347058177,38.82826502899282
1407,0.3687922052547171,38.9474958770599
1408,0.6462665148844488,39.065987677888316
1409,0.9245473095358628,39.183677575631016
1410,1.2036773727948067,39.300498450786336
1411,1.4837016853535783,39.41637849003787
1412,1.7646671012752062,39.53124114944417
1413,2.046622891309717,39.6450043233395
1414,2.3213782518626425,39.76895808843468
1415,2.524578742250957,39.99173846946127
1416,2.7203372602806803,40.22458827511635
1417,2.9168183010648674,40.45621173683252
1418,3.1139520907079836,40.686689034378915
1419,3.311673201025201,40.91609655455978
1420,3.509920116311214,41.14450721647209
1421,3.7086350387117406,41.37199076141617
1422,3.907763603083099,41.598613657790736
1423,-2.863118901738152,37.49849428244944
1424,-2.5851064800753156,37.631493323217335
1425,-2.30732497170837,37.764425451525845
1426,-2.0297626512966063,37.89731563333773
1427,-1.752408318271382,38.030187796460346
1428,-1.4752511737694065,38.16306473700025
1429,-1.198281156513419,38.29596864019655
1430,-0.921488452404,38.42892056450086
1431,-0.6448637804849534,38.56194095306521
1432,-0.3683982661208429,38.69504943487867
1433,-0.09208344347057736,38.82826502899283
1434,0.1843022615223705,38.952297243335394
1435,0.4613629794052376,39.07110279010302
1436,0.7392072582344902,39.18914089816514
1437,1.017876710304947,39.30634674144451
1438,1.2974150355195744,39.422651325627335
1439,1.5778680294791443,39.53798075196065
1440,1.8592835715938463,39.65225613278237
1441,2.141711755829202,39.76539316915783
1442,2.3806597973393586,39.93874337715294
1443,2.5759571934530334,40.17221937509764
1444,2.77201085016368,40.40443103066906
1445,2.9687490156101712,40.63546012398163
1446,3.1661044198937303,40.86538457744766
1447,3.364013909984966,41.09427883120384
1448,3.562418005490645,41.322213862737215
1449,3.761260866636678,41.54925755202629
1451,-2.771520876558798,37.626141798755306
1452,-2.4934635896072663,37.759226553379754
1453,-2.215636482632216,37.8922497410634
1454,-1.938027810431576,38.02523623083145
1455,-1.6606264804467978,38.15820973746375
1456,-1.3834218835937615,38.29119316217701
1457,-1.106403841944942,38.4242083882565
1458,-0.8295627731425975,38.55727646384275
1459,-0.5528893099742138,38.69041771849572
1460,-0.27637477501003027,38.82365179555044
1461,-1.504197786237987e-15,38.955963747804304
1462,0.27666998221728345,39.076099249113035
1463,0.5540904119093424,39.19446647235813
1464,0.8323126311093694,39.312036991650125
1465,1.1113791180361228,39.42874420675771
1466,1.3913344798689398,39.54451693126332
1467,1.6722252676002818,39.659279283092445
1468,1.9541003639987475,39.77295001725254
1469,2.2287641694030484,39.89682314426459
1470,2.4318275414476225,40.1195599070693
1471,2.6274386207411684,40.352376748791464
1472,2.823766829635903,40.58397392517997
1473,3.0207429823906677,40.81443104077122
1474,3.2183022219757893,41.043823910624994
1475,3.416383352551902,41.272224963688835
1476,3.6149290766554127,41.499703377211866
1477,-2.958213262468708,37.62056109942708
1478,-2.6798699835379756,37.753815459267685
1479,-2.4017682677297176,37.88698777343879
1480,-2.123895929454614,38.0201039279116
1481,-1.8462413535252113,38.15318858672798
1482,-1.5687934778637613,38.28626537418665
1483,-1.2915417970669476,38.419357118123514
1484,-1.0144761995637257,38.55248550623356
1485,-0.7375871147095967,38.68567164014326
1486,-0.46086540840672224,38.81893570491717
1487,-0.1843022615029813,38.952297215555106
1488,0.09218089161239744,39.080986808662736
1489,0.3691899009907438,39.19966501158827
1490,0.6469778504939505,39.31758056907889
1491,0.9255861801306184,39.43466936097164
1492,1.2050582699729568,39.550862907929755
1493,1.4854394696024313,39.66608790731471
1494,1.7667773387910548,39.78026627573247
1495,2.049121678687643,39.893314463185625
1496,2.287955394513649,40.06660232866609
1497,2.483108364589064,40.300041570345314
1498,2.6790119525898772,40.53222342524885
1499,2.875595042537193,40.763229085376395
1500,3.0727908312269387,40.99313588498429
1501,3.2705365937638944,41.22201772268015
1502,3.468773372821005,41.44994512702637
1503,3.6674457000864806,41.67698548019903
1505,-2.8665529821374434,37.74817789291623
1506,-2.588166538839665,37.88151619821185
1507,-2.310020722412194,38.014777980750935
1508,-2.032103559390339,38.14798895821995
1509,-1.7544035002336442,38.28117363630026
1510,-1.4769095152412834,38.41435564218539
1511,-1.1996111449539317,38.54755755475632
1512,-0.9224984381347765,38.68080103915962
1513,-0.6455618234880585,38.81410712314556
1514,-0.36879220525472683,38.94749587705989
1515,-0.09218089823281277,39.080986796640964
1516,0.18449892871447854,39.204746700499506
1517,0.4618652610777524,39.322988536614744
1518,0.7400286860677664,39.44043873448665
1519,1.0190314767606625,39.55703129720664
1520,1.298917774566778,39.6726957224793
1521,1.5797338621157773,39.787356718987944
1522,1.8615282431032145,39.900933861677935
1523,2.136100492488867,40.02472522039975
1524,2.3390270237753445,40.247418000756646
1525,2.5344909573812164,40.48020141204121
1526,2.730666693892526,40.711771801227066
1527,2.927485632270521,40.942208162919655
1528,3.1248833137101606,41.17158576742841
1529,3.3227990829682037,41.3999765359023
1532,-3.0535216080530634,37.74229889834353
1533,-2.774839885611748,37.87582076707071
1534,-2.4964106132587442,38.00924490521958
1535,-2.2182212210039887,38.14259805409603
1536,-1.9402596121883462,38.275905745703874
1537,-1.6625144531482094,38.40919239591698
1538,-1.3849747684780944,38.54248145172487
1539,-1.1076301582416195,38.67579542341184
1540,-0.8304707242748465,38.80915591495788
1541,-0.5534870373092803,38.94258384157894
1542,-0.2766699700112676,39.07609921055655
1543,4.44402900294826e-08,39.20862731814978
1544,0.2769679701850973,39.3282713758671
1545,0.5546993931022316,39.44606354555577
1546,0.8332464918240706,39.56303435832986
1547,1.1126521077137816,39.679115783596195
1548,1.3929614768873653,39.79423540925371
1549,1.6742216408951303,39.9083156547548
1550,1.9564820633237108,40.02127378087084
1551,2.1952016101336045,40.19449854402038
1552,2.3902104491314016,40.42790064626283
1553,2.585964331155107,40.66005225940114
1554,2.7823926657384,40.891033913839145
1555,2.9794292079994587,41.1209224832547
1559,-3.2407851579504214,37.73616293380062
1560,-2.9617973763231236,37.86988675496126
1561,-2.6830742179079357,38.00349072675871
1562,-2.4046025941623697,38.137002595077
1563,-2.126369891587544,38.27044895299288
1564,-1.8483643340033156,38.403855276143624
1565,-1.5705744507453416,38.53724575490063
1566,-1.2929894542591809,38.67064377768987
1567,-1.0155990621782722,38.804071738406314
1568,-0.738393350954274,38.9375511593462
1569,-0.4613629794052394,39.07110279010301
1570,-0.18449889647230897,39.20474668965253
1571,0.0922792616114154,39.33343935091043
1572,0.3695912714707062,39.451554796608846
1573,0.6476957730923648,39.568883754819716
1574,0.9266346724143214,39.68536075316034
1575,1.2064518185864415,39.80091583076745
1576,1.4871931152314974,39.915474462721896
1577,1.7689067005863985,40.02895683610909
1578,2.0433874485915977,40.15266531205413
1579,2.246177386879733,40.37531364314282
1580,2.4414944596686676,40.60806320633533
1581,2.6375180756733547,40.83960635885872
1584,-3.4283534036599077,37.72975365783929
1585,-3.1490482577874768,37.86369870494884
1586,-2.8700204393063156,37.99750066086875
1587,-2.5912562610381857,38.131188627298805
1588,-2.3127425646609634,38.26479014405222
1589,-2.0344670728451413,38.39833166500599
1590,-1.756417871328714,38.53183846650445
1591,-1.4785837291043382,38.665334719249046
1592,-1.2009538647480373,38.79884357509018
1593,-0.9235180256516063,38.93238740150984
1594,-0.6462664930334846,39.06598768574798
1595,-0.3691898887907559,39.19966500082827
1596,-0.09227925605681189,39.333439350300374
1597,0.18469744102225377,39.45692296004005
1598,0.4623722029848419,39.57459080633094
1599,0.7408577845978253,39.69144260722163
1600,1.020196907452614,39.80741102036392
1601,1.3004342311614154,39.92242415436716
1602,1.5816166413623804,40.036405191615806
1603,1.8637931837225445,40.14927214369625
1604,2.102398670130664,40.32243301281756
1605,2.2972636827208337,40.555797539863846
1606,2.4928681335170744,40.78791841751659
1609,-3.336602159522202,37.85724045196269
1610,-3.057258536385264,37.991259528227275
1611,-2.7781910561561234,38.12514160126969
1612,-2.4993861428473076,38.25891542219319
1613,-2.2208308511400867,38.39260847904919
1614,-1.9425128815782973,38.526247103237246
1615,-1.6644204748034226,38.65985630397459
1616,-1.3865424420974393,38.793460182569625
1617,-1.108868159280795,38.927081858721415
1618,-0.8313873648263873,39.06074348445502
1619,-0.5540904119093414,39.194466472358144
1620,-0.2769679701850892,39.32827137586709
1621,1.8434911153424918e-16,39.4610223053617
1622,0.2772687654571405,39.58016631019122
1623,0.5553140878364676,39.69737307352436
1624,0.8341889439703585,39.813733482014555
1625,1.1139367795017736,39.9291782413872
1626,1.3946031976603388,40.04363336024752
1627,1.6762359956689266,40.157019872222605
1628,1.9506252352624627,40.28064442449276
1629,2.1532788501050515,40.50324783553455
1630,2.348449344670492,40.7359631325844
1631,2.5443211929939293,40.967478458100324
1632,-3.5244688814123895,37.85049510744714
1633,-3.2447979214190217,37.98475125259624
1634,-2.96541614387828,38.118846333500805
1635,-2.686309360276075,38.25281042553369
1636,-2.40746413473484,38.386672057975225
1637,-2.128867628397707,38.5204586286804
1638,-1.8505075908228976,38.654196185885155
1639,-1.5723723784738919,38.78790974145276
1640,-1.2944508782217465,38.92162315858986
1641,-1.0167325427779788,39.05535949984457
1642,-0.7392072581598222,39.18914087038614
1643,-0.461865261077737,39.322988536614744
1644,-0.18469744102225377,39.45692296004005
1645,0.09237852832052015,39.58562070789728
1646,0.36999646490382576,39.70316330355223
1647,0.6484203912203305,39.81989518158659
1648,0.9276927628558169,39.93574958010821
1649,1.2078580273651558,40.05065518273278
1650,1.4889626470124722,40.16453590174927
1651,1.7710552108906013,40.27731046847568
1652,2.0095468205848976,40.45040668764916
1653,2.204268249167464,40.68373325581322
1654,2.3997236739561014,40.91582297317763
1655,-3.7044853493995276,37.854784265581294
1656,-3.432648481510658,37.97795917307886
1657,-3.1529409505875194,38.11228705366995
1658,-2.8735213158815838,38.24646011920069
1659,-2.5943756374151548,38.380508106823065
1660,-2.315490490966667,38.51445950251884
1661,-2.036853109525005,38.64834146857787
1662,-1.7584514124822213,38.78217991258331
1663,-1.480273816434484,38.9159996817996
1664,-1.2023092853565622,39.04982463075059
1665,-0.9245473095358688,39.183677575631
1666,-0.6469778628085436,39.31758055758228
1667,-0.3695912714706959,39.451554796608846
1668,-0.09237852832053091,39.58562070789728
1669,0.1848978065737155,39.708824044520206
1670,0.46288385351733546,39.825907679456265
1671,0.7416944890814929,39.94215054523151
1672,1.0213729248475067,40.057483932593854
1673,1.3019644625927034,40.171834499755356
1674,1.5835163948129831,40.285124020531015
1675,1.8578140808992814,40.408663445834556
1676,2.0603315817451757,40.631221541799476
1677,2.255355916323914,40.86390209150706
1679,-3.6126421886357503,37.982206965865934
1680,-3.340775153039451,38.105447158974165
1681,-3.061031349373974,38.23984875477266
1682,-2.781574342168106,38.374101713578895
1683,-2.502390095847902,38.50823556197635
1684,-2.223465389413794,38.64227866117386
1685,-1.9447875596780462,38.776257947511006
1686,-1.6663445821536473,38.91019918610223
1687,-1.3881249819721382,39.04412711501287
1688,-1.1101177933306052,39.17806546560148
1689,-0.8323126188476139,39.31203698093785
1690,-0.5546993931022287,39.44606354555578
1691,-0.27726876545714807,39.58016631019122
1692,-2.251112666062387e-15,39.7131468314519
1693,0.2775723080336478,39.83178205222862
1694,0.5559344276144447,39.948393042735034
1695,0.8351400027530244,40.06413239820422
1696,1.1152330900483536,40.1789294302079
1697,1.3962598143588754,40.29270873546289
1698,1.6782684315711223,40.40538975350177
1699,1.916646234633874,40.57842052933089
1700,2.1112244303193255,40.81170876269632
1702,-3.765148374451003,38.02468671937721
1703,-3.5207460139604385,38.109652564330176
1704,-3.248849146100113,38.23296000939584
1705,-2.9690695107568135,38.36743731674992
1706,-2.6895754020028697,38.50177206095424
1707,-2.4103529472693945,38.6359937831431
1708,-2.131389076966592,38.77013050176328
1709,-1.8526711596600207,38.90420902089499
1710,-1.5741872823187657,39.03825504284386
1711,-1.29592610879481,39.172293081828876
1712,-1.0178767103049484,39.3063467414445
1713,-0.74002868606777,39.44043873448664
1714,-0.4623722029848472,39.57459080633094
1715,-0.18489780657371782,39.708824044520206
1716,0.09247870645426202,39.8375289809358
1717,0.3704053063742084,39.95448855081956
1718,0.6491515957606474,40.07061287537994
1719,0.9287605023609061,40.18583383458563
1720,1.2092769866087942,40.30007879898832
1721,1.4907480347814486,40.41327015570927
1722,1.7649542594359204,40.53672339725494
1723,1.9673359386117484,40.759235691972236
1724,2.1622142957459687,40.991881125114055
1726,-3.673211508505332,38.15210014829153
1727,-3.428797149524,38.23712212011957
1728,-3.1568707346207803,38.36049866452163
1729,-2.87705554243355,38.495053584280406
1730,-2.5975246843614856,38.62947215612694
1731,-2.318264447120441,38.76378368443443
1732,-2.039261714054495,38.89801594249344
1733,-1.7605041190349286,39.032195681505414
1734,-1.4819798027719273,39.16634837188485
1735,-1.203677372670268,39.3004984230088
1736,-0.9255861801306109,39.43466936097163
1737,-0.6476957730923837,39.568883754819716
1738,-0.3699964649038225,39.70316330355224
1739,-0.09247870645426583,39.83752898093581
1740,0.18509998910663425,39.96044801797056
1741,0.46340020514033237,40.076937122200704
1742,0.7425388311755147,40.192560437209394
1743,1.0225596177208145,40.30724783228576
1744,1.3035083828831466,40.420924656132094
1745,1.585433023938768,40.53351098675464
1746,1.823697188364599,40.7064755559474
1747,2.018132412430334,40.93972501929174
1748,-3.817788287575407,38.20554959874151
1749,-3.5812219266382574,38.2795367600849
1750,-3.336795736587134,38.364616445506634
1751,-3.0648401197663966,38.48806403873854
1752,-2.7849897255177094,38.622698566494755
1753,-2.5054224838845456,38.75720292971471
1754,-2.226124774463654,38.891606178710006
1755,-1.9470836363776107,39.02593596369326
1756,-1.6682867519276856,39.160218849031715
1757,-1.3897222967373317,39.29448013523541
1758,-1.111379118153517,39.42874418453181
1759,-0.8332464862638606,39.56303435761475
1760,-0.5553140878364682,39.69737307352435
1761,-0.2775722957708349,39.83178204151142
1762,2.877802131694215e-15,39.96499897443984
1763,0.2778786319534102,40.083116610389816
1764,0.5565604327803009,40.19912138086391
1765,0.8360997208996231,40.31422896056856
1766,1.1165410642971008,40.428367223396315
1767,1.3979311704431112,40.5414593232291
1768,1.6720459705470512,40.664825255786425
1769,1.8742920433835086,40.88729128602739
1770,-3.9626474560074514,38.25866451056414
1771,-3.7257515098691534,38.33295812982708
1772,-3.4891798344355673,38.40699744593909
1773,-3.244742026790415,38.49213647588346
1774,-2.9727574953474702,38.615657000043136
1775,-2.6928722521570982,38.75037318322086
1776,-2.413269002156204,38.8849653202028
1777,-2.1339341834210863,39.01946221180042
1778,-1.854855020603701,39.153891495670216
1779,-1.5760191739185108,39.28827944251737
1780,-1.297415035647286,39.422651303400755
1781,-1.0190314767606625,39.55703129720664
1782,-0.7408577628076178,39.69144261507327
1783,-0.4628838658358024,39.82590766793522
1784,-0.18509998910663025,39.96044801797057
1785,0.09257982152096521,40.089162192993854
1786,0.37081794053471967,40.20552845434006
1787,0.6498894373522711,40.32103470248268
1788,0.9298378543456616,40.43561144200736
1789,1.2107086140959722,40.54918463734477
1790,1.4925492714423578,40.66167510932577
1791,1.730699901746089,40.83457264808895
1794,-3.8705617485699912,38.38604749307072
1795,-3.633662237977718,38.46039001713455
1796,-3.3970854451011165,38.534483105069306
1797,-3.152636273428895,38.61968321403144
1798,-2.8806231313849477,38.74327860205135
1799,-2.600703369847975,38.87807836823708
1800,-2.321064445064374,39.01276020623336
1801,-2.0416929112462157,39.1473528060754
1802,-1.762576059063444,39.28188348624262
1803,-1.4837016853535845,39.41637849003787
1804,-1.205058269852459,39.5508628801598
1805,-0.926634649751578,39.68536074605245
1806,-0.6484203911533333,39.81989515380753
1807,-0.37040530634031926,39.95448852304621
1808,-0.09257982152096877,40.089162192993854
1809,0.1853040879051105,40.21179289761629
1810,0.4639212388931224,40.32767716825482
1811,0.7433907590755567,40.44267028114934
1812,1.0237569331738154,40.556700771739266
1813,1.3050660667361662,40.66969246484402
1814,1.579089441258061,40.7929699092279
1816,-4.015644602484779,38.438813384372224
1817,-3.7784236013869,38.51345322352436
1818,-3.541520717155655,38.587846240496674
1819,-3.3049389616846785,38.66199469329444
1820,-3.0604786152148895,38.7472575030835
1821,-2.788437217890174,38.870929709699645
1822,-2.508483322448113,39.00581506158925
1823,-2.228809073659261,39.14058858756065
1824,-1.949401172371077,39.275278853712116
1825,-1.6702469851946122,39.40991293841138
1826,-1.391334479868933,39.54451693126331
1827,-1.1126521077137808,39.679115783596195
1828,-0.83418894397036,39.81373348201455
1829,-0.5559344399813926,39.94839303119427
1830,-0.2778786319534146,40.08311661038981
1831,6.952967261598864e-16,40.21657681782345
1832,0.2781877501919921,40.33416802261928
1833,0.5571920652751375,40.449556176547546
1834,0.8370679824325461,40.56402119405492
1835,1.1178606887473928,40.67748963667332
1836,1.399617323384398,40.78988307425821
1837,1.63765457478854,40.962712805730426
1838,-4.160992148818116,38.49126404667722
1839,-3.9234558850227765,38.56619536433879
1840,-3.68623319537458,38.640882551914984
1841,-3.4493271544310713,38.71532772622558
1842,-3.2127406264935146,38.78953317143203
1843,-2.968269402972197,38.874860348536735
1844,-2.6961999916629313,38.9986112734198
1845,-2.416212293852961,39.13358420549556
1846,-2.136503064092274,39.26845144250453
1847,-1.8570591568596158,39.40324130799528
1848,-1.5778680294791398,39.53798075196066
1849,-1.2989177745667795,39.672695722479304
1850,-1.0201969074526083,39.807411020363915
1851,-0.7416944767587106,39.94215053456417
1852,-0.46340020514032987,40.07693712220071
1853,-0.18530408790511865,40.21179289761629
1854,0.0926818658707715,40.34051842695624
1855,0.37123423965480823,40.45628120485445
1856,0.6506338710443265,40.57115879177479
1857,0.9309247885722103,40.685080389157704
1858,1.2121529358025338,40.79797055779288
1859,1.486084908696714,40.921158390693094
1860,-4.068751289395666,38.618624756782125
1861,-3.831215002819768,38.69360029981448
1862,-3.593990859132335,38.768336467999745
1863,-3.357081757990313,38.84283540606309
1864,-3.1204907069819203,38.91709943217632
1865,-2.8760087717413185,39.002492641770615
1866,-2.6039117214066603,39.12632423218747
1867,-2.3238904643798435,39.26138673472799
1868,-2.0441466352453794,39.396349699344235
1869,-1.7646671012752069,39.53124114944418
1870,-1.4854394696024356,39.66608790731471
1871,-1.2064518185864443,39.80091583076745
1872,-0.9276927628558213,39.9357495801082
1873,-0.6491515957606493,40.070612875379936
1874,-0.37081794053472616,40.205528454340055
1875,-0.09268186587077026,40.340518426956244
1876,0.1855100077416078,40.46285684681782
1877,0.4644469341861023,40.57812590243074
1878,0.744250311758544,40.69247811090652
1879,1.0249648795038764,40.8058406717055
1880,1.306637527060893,40.918135925511336
1881,-4.214302104416333,38.67074946674787
1882,-3.976458339950836,38.7460076512495
1883,-3.738922185063683,38.821029080084315
1884,-3.501696702976167,38.895815800269425
1885,-3.2647847889917996,38.970370249658544
1886,-3.0281893778808597,39.0446944394268
1887,-2.7836969716544173,39.130155337484005
1888,-2.5115725326143017,39.25406952986546
1889,-2.2315181561422714,39.389223654421556
1890,-1.9517400577025366,39.52428427091594
1891,-1.6722252676002842,39.65927928309244
1892,-1.3929614768873735,39.794235409253716
1893,-1.11393677950178,39.9291782413872
1894,-0.8351400027530309,40.064132398204215
1895,-0.5565604327802923,40.19912138086391
1896,-0.278187750191993,40.33416802261928
1897,6.1062985439814994e-15,40.467878422048294
1898,0.27849965169890867,40.58493444303343
1899,0.5578293687286101,40.69969546963495
1900,0.8380449204809202,40.81350715359248
1901,1.1191920053265851,40.92629460626172
1903,-4.1219556070107695,38.79811269872008
1904,-3.8841135022112527,38.87341364458823
1905,-3.6465776651243376,38.94848260434669
1906,-3.4093510190022367,39.02332164826277
1907,-3.1724364419379545,39.09793314351063
1908,-2.93583687206424,39.17231911703511
1909,-2.691334249199832,39.25784942264116
1910,-2.4191827332758256,39.38184810354783
1911,-2.139095552571758,39.517095860302646
1912,-1.8592835715938454,39.65225613278238
1913,-1.579733862115783,39.787356718987944
1914,-1.300434231161426,39.92242415436715
1915,-1.0213729248475056,40.05748393259386
1916,-0.7425388311755075,40.19256043720941
1917,-0.4639212388931219,40.32767716825484
1918,-0.18551000774160312,40.4628568468178
1919,0.09278479515185903,40.59159583576516
1920,0.3716543173472025,40.70674479980917
1921,0.6513849958881623,40.820983141564355
1922,0.9320213886993728,40.934238723733436
1923,-4.267699450518049,38.84992327665425
1924,-4.029557282128965,38.9254982774075
1925,-3.7917170414570287,39.00084371758393
1926,-3.554181655996155,39.075961814108254
1927,-3.3169540184215403,39.15085487349661
1928,-3.0800369893451243,39.22552503125249
1929,-2.8434334359007685,39.29997443266718
1930,-2.598920766831948,39.38557574328947
1931,-2.3267425077797377,39.5096609395197
1932,-2.046622891084227,39.64500429556613
1933,-1.7667773387910577,39.78026627573247
1934,-1.4871931152315085,39.915474462721896
1935,-1.20785802736515,40.05065518273276
1936,-0.9287605023609095,40.18583383458563
1937,-0.6498894317921671,40.32103470167368
1938,-0.3712342396548067,40.45628120485445
1939,-0.09278479515186056,40.59159583576516
1940,0.1857177699251129,40.71363785806567
1941,0.46497733110217543,40.8282813302506
1942,0.745117464764967,40.94198191964146
1943,-4.413682601787134,38.901447266426494
1944,-4.175246162164264,38.977290733635094
1945,-3.937107385526094,39.05290710926438
1946,-3.6992691392728467,39.128298752623465
1947,-3.461734379969426,39.203467728630294
1948,-3.224505906540994,39.278416409685775
1949,-2.987586586725536,39.353146832570594
1950,-2.7509792427779933,39.427661295117964
1951,-2.5064567832359717,39.51333534035233
1952,-2.234252108939976,39.63750896318469
1953,-1.954100376681426,39.77295000556772
1954,-1.6742216408951351,39.90831565475479
1955,-1.3946031976603397,40.04363336024752
1956,-1.115233090048347,40.178929430207894
1957,-0.8360997208996218,40.31422896056856
1958,-0.5571920435331119,40.44955618440864
1959,-0.27849965169890817,40.584934443033426
1960,-6.07852020241682e-15,40.71890192670263
1961,0.27881433529812,40.83541386113733
1962,0.5584723097388682,40.94953731111436
1964,-4.321173026994664,39.02879873239286
1965,-4.082741430212922,39.10468070674651
1966,-3.8446061400565656,39.18034022346169
1967,-3.6067700519148427,39.25577969597446
1968,-3.3692360230972924,39.33100127037269
1969,-3.1320069198169023,39.406007188415245
1970,-2.8950855133982256,39.480799583314145
1971,-2.658474563305868,39.555380656866014
1972,-2.4139425466865374,39.641129157131445
1973,-2.141711743344358,39.76539315863446
1974,-1.8615282431032156,39.900933861677935
1975,-1.5816166413623791,40.036405191615806
1976,-1.3019644625926983,40.171834499755356
1977,-1.0225596177208105,40.30724783228577
1978,-0.743390736363908,40.442670274126975
1979,-0.4644469341860972,40.57812590243074
1980,-0.1857177699251225,40.713637858065646
1981,0.09288867000859947,40.84239245780546
1982,0.3720780701630154,40.95691732852039
1983,-4.46733089529665,39.08002995116855
1984,-4.228612101437651,39.1561719983225
1985,-3.9901854290522407,39.23209407878297
1986,-3.752053760805783,39.3077984694582
1987,-3.5142199877567326,39.38328749981747
1988,-3.27668690783169,39.45856333783261
1989,-3.039457292965808,39.5336281665308
1990,-2.8025339661302517,39.60848416406632
1991,-2.565919621891748,39.68313352604685
1992,-2.321378251862637,39.76895808843468
1993,-2.049121678687647,39.893314463185625
1994,-1.7689067005864036,40.02895683610908
1995,-1.4889626242456295,40.16453589482498
1996,-1.2092769866087905,40.30007879898832
1997,-0.9298378543456586,40.43561144200736
1998,-0.6506338654839775,40.5711587909275
1999,-0.37165431734720106,40.706744799809194
2000,-0.0928886700085958,40.84239245780546
2001,0.18592733681581883,40.964134097728866
2002,-4.613712925670253,39.13099179213958
2003,-4.374712441287086,39.20738855460704
2004,-4.135999976901946,39.28356781424835
2005,-3.8975783824697117,39.35953181106736
2006,-3.6594505183428043,39.43528285688315
2007,-3.421619162274714,39.510823114696805
2008,-3.184087151209992,39.58615487959923
2009,-2.9468572382861202,39.66128033145354
2010,-2.709932166947894,39.736201534771006
2011,-2.473314631083738,39.810920766217336
2012,-2.2287641694030524,39.89682314426458
2013,-1.9564820633237119,40.02127378087084
2014,-1.6762359740121826,40.15701988001982
2015,-1.3962598143588758,40.292708735462895
2016,-1.1165410642971005,40.428367223396315
2017,-0.8370679824325419,40.56402119405492
2018,-0.5578293470093969,40.69969547749576
2019,-0.2788143352981159,40.835413861137326
2020,-6.56359231974732e-15,40.96964547565509
2021,-4.521035721961631,39.25833789593359
2022,-4.2820429138736875,39.33476899769688
2023,-4.043336932211379,39.41098727914383
2024,-3.8049205052112267,39.48699490336145
2025,-3.5667965524149916,39.562794247585856
2026,-3.3289677993809015,39.638387514497325
2027,-3.091437030321478,39.71377685447509
2028,-2.8542069487007886,39.78896450446018
2029,-2.6172803389708976,39.863952642605085
2030,-2.380659797339358,39.938743377152925
2031,-2.1361004924888607,40.02472522039975
2032,-1.8637931837225465,40.14927214369626
2033,-1.5835163892536106,40.285124019625655
2034,-1.3035083828831457,40.420924656132094
2035,-1.0237569331738123,40.55670077173926
2036,-0.744250289023914,40.69247810392334
2037,-0.46497733110216816,40.8282813302506
2038,-0.18592733681582319,40.964134097728866
2040,-4.428307559822991,39.385705030085504
2041,-4.189322550886627,39.46217223535088
2042,-3.950623118476756,39.53843123031852
2043,-3.7122120603809194,39.61448431789046
2044,-3.4740921389269666,39.69033368427063
2045,-3.2362661300407334,39.765981621944384
2046,-2.998736747350676,39.84143025296845
2047,-2.7615067145691135,39.916681816483326
2048,-2.5245787422509607,39.991738469461275
2049,-2.287955394513652,40.06660232866609
2050,-2.0433874485916044,40.15266531205415
2051,-1.7710552108906077,40.27731046847568
2052,-1.4907480347814484,40.413270155709284
2053,-1.2107086140959666,40.54918463734478
2054,-0.9309247885722131,40.685080389157704
2055,-0.651384995888151,40.82098314156437
2056,-0.3720780701630127,40.9569173285204
2058,-4.574787314064865,39.43638311518328
2059,-4.335528634940515,39.51309408305532
2060,-4.096551550570285,39.58959920805364
2061,-3.8578588207431155,39.665900725852936
2062,-3.619453211427863,39.74200092694424
2063,-3.3813374732862935,39.81790206509737
2064,-3.143514366072107,39.8936063394783
2065,-2.9059865480079945,39.9691159610777
2066,-2.6687567525431635,40.04443310692245
2067,-2.431827534843337,40.119559914824585
2068,-2.1952016101336147,40.19449854402038
2069,-1.9506252352624718,40.28064442449275
2070,-1.6782684315711265,40.40538975350178
2071,-1.3979311704431048,40.5414593232291
2072,-1.117860688747399,40.67748963667332
2073,-0.8380449203906348,40.81350712581452
2074,-0.5584723097388616,40.94953731111438
2079,-4.003730120168158,39.71705083173357
2080,-3.7650442087936704,39.79339665925719
2081,-3.5266441872804766,39.86954574237427
2082,-3.2885328043638817,39.94550037282716
2083,-3.050712721740189,40.02126270319812
2084,-2.8131866497820583,40.0968350053526
2085,-2.5759571934530383,40.17221937509765
2086,-2.3390269978365987,40.2474180072267
2087,-2.1023986701306687,40.32243301281757
2088,-1.857814080899296,40.40866344583457
2089,-1.5854330114270447,40.533510976238944
2090,-1.3050660667361713,40.66969246484402
2091,-1.0249648795038735,40.805840671705504
2092,-0.7451174772939188,40.94198190799111
2097,-3.195678320889566,40.07312952221073
2098,-2.957861445841957,40.14895163185235
2100,-2.483108347117541,40.30004155615471
2101,-2.2461773868797335,40.37531364314282
2102,-2.009546820584898,40.45040668764918
2103,-1.7649542695952491,40.53672338815973
2104,-1.4925492714423634,40.66167510932577
2105,-1.2121529358025243,40.79797055779288
2106,-0.932021376235038,40.93423871317706
2111,-2.390210449131395,40.42790064626282
2112,-2.15327885010504,40.503247835534545
2113,-1.9166462346338677,40.57842052933089
2114,-1.6720459716092149,40.66482522719783
2115,-1.3996173233843903,40.789883074258206
2116,-1.119192005326576,40.92629460626172
2119,-2.5344909573812227,40.48020141204122
2120,-2.297263682720837,40.555797539863846
2121,-2.0603315817451646,40.63122154179948
2122,-1.8236971709565586,40.70647554166638
2123,-1.5790894216021185,40.792969898036894
2124,-1.3066375270608905,40.91813592551133
2125,-1.0261834521436717,41.054665520077236
2126,-2.441494459668672,40.60806320633533
2127,-2.204268249167464,40.68373325581322
2128,-1.9673359126510235,40.75923569846721
2129,-1.7306998757708154,40.83457265458242
2130,-1.4860849189297893,40.921158404371624
2131,-1.2136099646187788,41.046434579997914
2134,-2.3484493380733196,40.73596314022188
2135,-2.111224430319318,40.81170876269632
2136,-1.8742920367671585,40.887291293777814
2137,-1.6376545624866068,40.96271282089345
2138,-1.393032604014137,41.04939174471965
2139,-1.1205349116674623,41.17478004392977
2142,-2.0181324124303224,40.93972501929174
2143,-1.7812001225132004,41.015389319062706
2144,-1.5445614788669702,41.090897132381045
2145,-1.299932697074326,41.17767087070213
2148,-1.924992423432633,41.067783038702075
2149,-1.688060465379151,41.14353076067291
2150,-1.4514208455373103,41.21912644783645
2153,-2.0690247686804955,41.11990121637258
2154,-1.8318047251047547,41.19588374646207
2155,-1.5948732756289297,41.27171658409693
2156,-1.3582328160291457,41.3474017822277
2158,-1.7385695075777556,41.324028153050186
2159,-1.5016387348269005,41.39994776627337
2160,-1.8825029002894025,41.37606830794178
2161,-1.6452869804869767,41.452217207366445
2166,3.814871710099793,41.72601472153234
2168,3.964808868875588,41.77413742672067
